<SPLProgr>
    main{
    <Algorithm>
        <Instr>
            <Assign>
                <Lhs>
                    output
                </Lhs>
                :=
                <BinOp>
                    and(
                    <Const>
                        true
                    </Const>
                    ,
                    <UnOp>
                        not(
                        <UnOp>
                            not(
                            <BinOp>
                                add(
                                <Const>
                                    "HESS"
                                </Const>
                                ,
                                <Const>
                                    true
                                </Const>
                                )
                            </BinOp>
                            )
                        </UnOp>
                        )
                    </UnOp>
                    )
                </BinOp>
            </Assign>
        </Instr>
        ;
    </Algorithm>
    halt;
    }
</SPLProgr>
